{
    "general": {
        "radius": 100.0,
        "sigma": 65.0,
        "rotationAngle": 0.0,
        "tiltAngle": 0.15
    },
    "position": {
        "left": {
            "xcenter": 200,
            "ycenter": 200
        },
        "right": {
            "xcenter": 200,
            "ycenter": 200
        }
    },
    "aber": {
        "left": {
            "tilt": 0.0,
            "tip": 0.0,
            "defocus": 0.0,
            "spherical": 0.0,
            "verticalComa": 0.0,
            "horizontalComa": 0.0,
            "verticalAstigmatism": 0.0,
            "obliqueAstigmatism": 0.0
        },
        "right": {
            "tilt": 0.0,
            "tip": 0.0,
            "defocus": 0.0,
            "spherical": 0.0,
            "verticalComa": 0.0,
            "horizontalComa": 0.0,
            "verticalAstigmatism": 0.0,
            "obliqueAstigmatism": 0.0
        }
    }
}