{
    "general": {
        "radius": 80.0,
        "sigma": 65.0,
        "rotationAngle": 0.0,
        "tiltAngle": 0.15
    },
    "position": {
        "left": {
            "xcenter": 268,
            "ycenter": 244
        },
        "right": {
            "xcenter": 224,
            "ycenter": 236
        }
    },
    "aber": {
        "left": {
            "tilt": 0.5,
            "tip": 0.2,
            "defocus": 0.3,
            "spherical": 0.2,
            "verticalComa": 0.1,
            "horizontalComa": -0.15,
            "verticalAstigmatism": 0.0,
            "obliqueAstigmatism": 0.0
        },
        "right": {
            "tilt": 0.0,
            "tip": 0.0,
            "defocus": 0.1,
            "spherical": 0.2,
            "verticalComa": 0.1,
            "horizontalComa": 0.0,
            "verticalAstigmatism": -0.2,
            "obliqueAstigmatism": 0.1
        }
    }
}