{   "motorconfig":[
      {
         "axis":"A",
         "stepperid":0,
         "dir":21,
         "step":22,
         "enable":13
      },
      {
         "axis":"X",
         "stepperid":1,
         "dir":33,
         "step":2,
         "enable":13
      },
      {
         "axis":"Y",
         "stepperid":2,
         "dir":16,
         "step":27,
         "enable":13
      },
      {
         "axis":"Z",
         "dir":14,
         "step":12,
         "enable":13
      }
   ],
   "ledconfig":{
      "ledArrNum":17,
      "ledArrPin":16
   },
   "laserconfig":{
      "LASER1pin":4,
      "LASER2pin":15,
      "LASER3pin":0
   },
   "stateconfig":{
      "identifier_name":"UC2_Feather",
      "identifier_id":"V1.2",
      "identifier_date":"Nov  7 202212:52:14",
      "identifier_author":"BD",
      "IDENTIFIER_NAME":""
   }
}